instruction,input,output,prompt
한국에서 외국인 유학생이 아르바이트를 할 수 있나요?,,"네, 외국인 유학생은 일정 조건 하에서 아르바이트를 할 수 있습니다:

1. 자격: 규정된 학점 이상을 이수하고, 일정 수준의 한국어 능력을 갖추어야 합니다.

2. 허가: 반드시 출입국관리사무소로부터 '체류자격외활동허가'를 받아야 합니다.

3. 시간 제한: 학기 중에는 주당 20시간 이내, 방학 중에는 시간 제한 없이 일할 수 있습니다.

4. 업종 제한: 단순노무, 제조업, 건설업 등 일부 업종은 제한될 수 있습니다.

5. 신고 의무: 근무 시작 14일 이내에 학교에 신고해야 합니다.

주의: 규정을 위반하면 벌금, 강제 출국, 재입국 제한 등의 불이익을 받을 수 있으니 주의하세요.","<start_of_turn>user
한국에서 외국인 유학생이 아르바이트를 할 수 있나요?<end_of_turn>
<start_of_turn>model
네, 외국인 유학생은 일정 조건 하에서 아르바이트를 할 수 있습니다:

1. 자격: 규정된 학점 이상을 이수하고, 일정 수준의 한국어 능력을 갖추어야 합니다.

2. 허가: 반드시 출입국관리사무소로부터 '체류자격외활동허가'를 받아야 합니다.

3. 시간 제한: 학기 중에는 주당 20시간 이내, 방학 중에는 시간 제한 없이 일할 수 있습니다.

4. 업종 제한: 단순노무, 제조업, 건설업 등 일부 업종은 제한될 수 있습니다.

5. 신고 의무: 근무 시작 14일 이내에 학교에 신고해야 합니다.

주의: 규정을 위반하면 벌금, 강제 출국, 재입국 제한 등의 불이익을 받을 수 있으니 주의하세요.<end_of_turn>"